AUTOMAÇÃO DE ATESTADOS DE ENGENHARIA - PÓRTICO 2.0,,,,,
"Fonte: pasta ACERVOS PORTICOS, subpastas PÓRTICO e DR. FRANCISCO FERRAZ. Dados extraídos dos títulos, metadados e trechos OCR/best-effort do Google Drive.",,,,,
,,,,,
Subdivisão,Qtd. Registros,Principal foco,Observação,Data de geração,Total geral
INFRAESTRUTURA,26,"Edificações, pavimentação, contenção e obras urbanas",Maior concentração de atestados identificados.,07/07/2026,35
ÁGUA,10,"SAA, adutoras, SES, saneamento",Inclui registros com e sem CAT.,,
ENERGIA,0,Elétrica/energia,Não foram identificados registros específicos de energia nesta varredura.,,
ELABORAÇÃO DE PROJETO,2,Projeto e execução,Registros com menção expressa a projeto.,,
SUPERVISÃOFISCALIZAÇÃO,0,Supervisão/fiscalização,Não foram identificados registros expressos nesta varredura.,,
ACOMPANHAMENTO E GERENCIAMENTO,2,Acompanhamento/gerenciamento,Registros em andamento/consórcio e serviços de natureza gerencial quando identificados.,,
,,,,,
"Observação: para uso em habilitação, recomenda-se abrir o PDF pelo link e confirmar o inteiro teor do atestado, principalmente nos documentos com OCR parcial ou baixa legibilidade.",,,,,